id,parser,uri,created_at,options,status
5c23aa26b58e1,ebayMotorsSearch,https://www.ebay.com/sch/FindingCustomization/?_fcdm=1&_fcss=12&_fcps=3&_fcippl=2&_fcso=1&_fcpd=1&_fcsbm=1&_pppn=v3&_fcpe=7%7C5%7C3%7C2%7C4&_fcie=1%7C36&_fcse=10%7C42%7C43&_fcsp=https%3A%2F%2Fwww.ebay.com%2Fsch%2Fm.html%3F_ssn%3Dpowersportsuperstore%26LH_PrefLoc%3D2%26_from%3DR40%26_trksid%3Dm570.l1313%26_nkw%3Dtusk%26_sacat%3D0,1545841190,"{""useProxy"":0,""fakeUserAgent"":1,""cookies"":{""JSESSIONID"":""ED61368766294D2B5CACEB5D624D2D81"",""ebay"":""%5Esbf%3D%2320000000000000000000000%5E"",""ns1"":""BAQAAAWfiqTEDAAaAANgATF4E3aZjNzJ8NjAxXjE1NDU4NDExODk2MDZeXjFeM3wyfDV8NHw3fDExXjFeMl40XjNeMTJeMTJeMl4xXjFeMF4xXjBeMV42NDQyNDU5MDc15RFjTZu7OtHPkWpmmsN38QNKy4k*"",""dp1"":""bbl\/UA5fe61125^"",""s"":""CgAD4ACBcJPulZWI1MGEyYWUxNjcwYWQ0Y2U0NTRiODVhZmZmYTVjYTHP8aUe"",""nonsession"":""BAQAAAWYTLNkMAAaAADMABV4E3aU2MTA0NQDKACBliaulZWI1MGEyYWUxNjcwYWQ0Y2U0NTRiODVhZmZmYTVjYTEAywABXCOxLTEzYHL2nNZAbLQ\/x+xoZA1ISzWgGw**""}}",1
5c23bb30797b8,ebayProduct,https://www.ebay.com/itm/173382040255,1545845552,"{""useProxy"":1,""fakeUserAgent"":1}",0
5c23bb3079ce3,ebayCompatible,https://frame.ebay.com/ebaymotors/ws/eBayISAPI.dll?GetFitmentData&site=100&vs=0&req=2&cid=43977&item=173382040255,1545845552,"{""useProxy"":1,""fakeUserAgent"":1,""parserOptions"":{""productId"":""173382040255""}}",0
5c23bb307a0e5,ebayProduct,https://www.ebay.com/itm/173576550865,1545845552,"{""useProxy"":1,""fakeUserAgent"":1}",0
5c23bb307a4d4,ebayCompatible,https://frame.ebay.com/ebaymotors/ws/eBayISAPI.dll?GetFitmentData&site=100&vs=0&req=2&cid=43977&item=173576550865,1545845552,"{""useProxy"":1,""fakeUserAgent"":1,""parserOptions"":{""productId"":""173576550865""}}",0
5c23bb307a8df,ebayProduct,https://www.ebay.com/itm/171722603239,1545845552,"{""useProxy"":1,""fakeUserAgent"":1}",0
5c23bb307ad2a,ebayCompatible,https://frame.ebay.com/ebaymotors/ws/eBayISAPI.dll?GetFitmentData&site=100&vs=0&req=2&cid=43977&item=171722603239,1545845552,"{""useProxy"":1,""fakeUserAgent"":1,""parserOptions"":{""productId"":""171722603239""}}",0
5c23bb307b1d1,ebayProduct,https://www.ebay.com/itm/302550722476,1545845552,"{""useProxy"":1,""fakeUserAgent"":1}",0
5c23bb307b6d2,ebayCompatible,https://frame.ebay.com/ebaymotors/ws/eBayISAPI.dll?GetFitmentData&site=100&vs=0&req=2&cid=43977&item=302550722476,1545845552,"{""useProxy"":1,""fakeUserAgent"":1,""parserOptions"":{""productId"":""302550722476""}}",0
5c23bb307bc4c,ebayProduct,https://www.ebay.com/itm/290871118045,1545845552,"{""useProxy"":1,""fakeUserAgent"":1}",0
5c23bb307c250,ebayCompatible,https://frame.ebay.com/ebaymotors/ws/eBayISAPI.dll?GetFitmentData&site=100&vs=0&req=2&cid=43977&item=290871118045,1545845552,"{""useProxy"":1,""fakeUserAgent"":1,""parserOptions"":{""productId"":""290871118045""}}",0
5c23bb307c87a,ebayProduct,https://www.ebay.com/itm/172140861811,1545845552,"{""useProxy"":1,""fakeUserAgent"":1}",0
5c23bb307d09f,ebayCompatible,https://frame.ebay.com/ebaymotors/ws/eBayISAPI.dll?GetFitmentData&site=100&vs=0&req=2&cid=43977&item=172140861811,1545845552,"{""useProxy"":1,""fakeUserAgent"":1,""parserOptions"":{""productId"":""172140861811""}}",0
5c23bb307d979,ebayProduct,https://www.ebay.com/itm/182609988728,1545845552,"{""useProxy"":1,""fakeUserAgent"":1}",0
5c23bb308de75,ebayCompatible,https://frame.ebay.com/ebaymotors/ws/eBayISAPI.dll?GetFitmentData&site=100&vs=0&req=2&cid=43977&item=182609988728,1545845552,"{""useProxy"":1,""fakeUserAgent"":1,""parserOptions"":{""productId"":""182609988728""}}",0
5c23bb3093cd8,ebayProduct,https://www.ebay.com/itm/290996587547,1545845552,"{""useProxy"":1,""fakeUserAgent"":1}",0
5c23bb309e4a5,ebayCompatible,https://frame.ebay.com/ebaymotors/ws/eBayISAPI.dll?GetFitmentData&site=100&vs=0&req=2&cid=43977&item=290996587547,1545845552,"{""useProxy"":1,""fakeUserAgent"":1,""parserOptions"":{""productId"":""290996587547""}}",0
5c23bb30a416c,ebayProduct,https://www.ebay.com/itm/181865604586,1545845552,"{""useProxy"":1,""fakeUserAgent"":1}",0
5c23bb30a4b18,ebayCompatible,https://frame.ebay.com/ebaymotors/ws/eBayISAPI.dll?GetFitmentData&site=100&vs=0&req=2&cid=43977&item=181865604586,1545845552,"{""useProxy"":1,""fakeUserAgent"":1,""parserOptions"":{""productId"":""181865604586""}}",0
5c23bb30a54e2,ebayProduct,https://www.ebay.com/itm/401542112764,1545845552,"{""useProxy"":1,""fakeUserAgent"":1}",0
5c23bb30a6115,ebayCompatible,https://frame.ebay.com/ebaymotors/ws/eBayISAPI.dll?GetFitmentData&site=100&vs=0&req=2&cid=43977&item=401542112764,1545845552,"{""useProxy"":1,""fakeUserAgent"":1,""parserOptions"":{""productId"":""401542112764""}}",0
5c23bb30a6bd7,ebayProduct,https://www.ebay.com/itm/292767306938,1545845552,"{""useProxy"":1,""fakeUserAgent"":1}",0
5c23bb30a7680,ebayCompatible,https://frame.ebay.com/ebaymotors/ws/eBayISAPI.dll?GetFitmentData&site=100&vs=0&req=2&cid=43977&item=292767306938,1545845552,"{""useProxy"":1,""fakeUserAgent"":1,""parserOptions"":{""productId"":""292767306938""}}",0
5c23bb30a8186,ebayProduct,https://www.ebay.com/itm/182611387605,1545845552,"{""useProxy"":1,""fakeUserAgent"":1}",0
5c23bb30a8cde,ebayCompatible,https://frame.ebay.com/ebaymotors/ws/eBayISAPI.dll?GetFitmentData&site=100&vs=0&req=2&cid=43977&item=182611387605,1545845552,"{""useProxy"":1,""fakeUserAgent"":1,""parserOptions"":{""productId"":""182611387605""}}",0
5c23bb30a98b7,ebayProduct,https://www.ebay.com/itm/290860851537,1545845552,"{""useProxy"":1,""fakeUserAgent"":1}",0
5c23bb30aa4ac,ebayCompatible,https://frame.ebay.com/ebaymotors/ws/eBayISAPI.dll?GetFitmentData&site=100&vs=0&req=2&cid=43977&item=290860851537,1545845552,"{""useProxy"":1,""fakeUserAgent"":1,""parserOptions"":{""productId"":""290860851537""}}",0
5c23bb30ab0f0,ebayProduct,https://www.ebay.com/itm/311904834833,1545845552,"{""useProxy"":1,""fakeUserAgent"":1}",0
5c23bb30abd7a,ebayCompatible,https://frame.ebay.com/ebaymotors/ws/eBayISAPI.dll?GetFitmentData&site=100&vs=0&req=2&cid=43977&item=311904834833,1545845552,"{""useProxy"":1,""fakeUserAgent"":1,""parserOptions"":{""productId"":""311904834833""}}",0
5c23bb30acad4,ebayProduct,https://www.ebay.com/itm/332922080565,1545845552,"{""useProxy"":1,""fakeUserAgent"":1}",0
5c23bb30ad864,ebayCompatible,https://frame.ebay.com/ebaymotors/ws/eBayISAPI.dll?GetFitmentData&site=100&vs=0&req=2&cid=43977&item=332922080565,1545845552,"{""useProxy"":1,""fakeUserAgent"":1,""parserOptions"":{""productId"":""332922080565""}}",0
5c23bb30ae75a,ebayProduct,https://www.ebay.com/itm/192035673677,1545845552,"{""useProxy"":1,""fakeUserAgent"":1}",0
5c23bb30af5ef,ebayCompatible,https://frame.ebay.com/ebaymotors/ws/eBayISAPI.dll?GetFitmentData&site=100&vs=0&req=2&cid=43977&item=192035673677,1545845552,"{""useProxy"":1,""fakeUserAgent"":1,""parserOptions"":{""productId"":""192035673677""}}",0
5c23bb30b046b,ebayProduct,https://www.ebay.com/itm/332922080529,1545845552,"{""useProxy"":1,""fakeUserAgent"":1}",0
5c23bb30b13e2,ebayCompatible,https://frame.ebay.com/ebaymotors/ws/eBayISAPI.dll?GetFitmentData&site=100&vs=0&req=2&cid=43977&item=332922080529,1545845552,"{""useProxy"":1,""fakeUserAgent"":1,""parserOptions"":{""productId"":""332922080529""}}",0
5c23bb30b2503,ebayProduct,https://www.ebay.com/itm/172719218242,1545845552,"{""useProxy"":1,""fakeUserAgent"":1}",0
5c23bb30b35ff,ebayCompatible,https://frame.ebay.com/ebaymotors/ws/eBayISAPI.dll?GetFitmentData&site=100&vs=0&req=2&cid=43977&item=172719218242,1545845552,"{""useProxy"":1,""fakeUserAgent"":1,""parserOptions"":{""productId"":""172719218242""}}",0
5c23bb30b4654,ebayProduct,https://www.ebay.com/itm/172419448459,1545845552,"{""useProxy"":1,""fakeUserAgent"":1}",0
5c23bb30b571f,ebayCompatible,https://frame.ebay.com/ebaymotors/ws/eBayISAPI.dll?GetFitmentData&site=100&vs=0&req=2&cid=43977&item=172419448459,1545845552,"{""useProxy"":1,""fakeUserAgent"":1,""parserOptions"":{""productId"":""172419448459""}}",0
5c23bb30b69d2,ebayProduct,https://www.ebay.com/itm/173490671181,1545845552,"{""useProxy"":1,""fakeUserAgent"":1}",0
5c23bb30b7c16,ebayCompatible,https://frame.ebay.com/ebaymotors/ws/eBayISAPI.dll?GetFitmentData&site=100&vs=0&req=2&cid=43977&item=173490671181,1545845552,"{""useProxy"":1,""fakeUserAgent"":1,""parserOptions"":{""productId"":""173490671181""}}",0
5c23bb30b8e84,ebayProduct,https://www.ebay.com/itm/181556159551,1545845552,"{""useProxy"":1,""fakeUserAgent"":1}",0
5c23bb30ba1fd,ebayCompatible,https://frame.ebay.com/ebaymotors/ws/eBayISAPI.dll?GetFitmentData&site=100&vs=0&req=2&cid=43977&item=181556159551,1545845552,"{""useProxy"":1,""fakeUserAgent"":1,""parserOptions"":{""productId"":""181556159551""}}",0
5c23bb30bb5db,ebayProduct,https://www.ebay.com/itm/291671722890,1545845552,"{""useProxy"":1,""fakeUserAgent"":1}",0
5c23bb30bc939,ebayCompatible,https://frame.ebay.com/ebaymotors/ws/eBayISAPI.dll?GetFitmentData&site=100&vs=0&req=2&cid=43977&item=291671722890,1545845552,"{""useProxy"":1,""fakeUserAgent"":1,""parserOptions"":{""productId"":""291671722890""}}",0
5c23bb30bdd57,ebayProduct,https://www.ebay.com/itm/181921234412,1545845552,"{""useProxy"":1,""fakeUserAgent"":1}",0
5c23bb30bf15a,ebayCompatible,https://frame.ebay.com/ebaymotors/ws/eBayISAPI.dll?GetFitmentData&site=100&vs=0&req=2&cid=43977&item=181921234412,1545845552,"{""useProxy"":1,""fakeUserAgent"":1,""parserOptions"":{""productId"":""181921234412""}}",0
5c23bb30c0564,ebayProduct,https://www.ebay.com/itm/401133958117,1545845552,"{""useProxy"":1,""fakeUserAgent"":1}",0
5c23bb30c19fb,ebayCompatible,https://frame.ebay.com/ebaymotors/ws/eBayISAPI.dll?GetFitmentData&site=100&vs=0&req=2&cid=43977&item=401133958117,1545845552,"{""useProxy"":1,""fakeUserAgent"":1,""parserOptions"":{""productId"":""401133958117""}}",0
5c23bb30c2fd0,ebayProduct,https://www.ebay.com/itm/291679264201,1545845552,"{""useProxy"":1,""fakeUserAgent"":1}",0
5c23bb30c457b,ebayCompatible,https://frame.ebay.com/ebaymotors/ws/eBayISAPI.dll?GetFitmentData&site=100&vs=0&req=2&cid=43977&item=291679264201,1545845552,"{""useProxy"":1,""fakeUserAgent"":1,""parserOptions"":{""productId"":""291679264201""}}",0
5c23bb30c5b36,ebayProduct,https://www.ebay.com/itm/182611445858,1545845552,"{""useProxy"":1,""fakeUserAgent"":1}",0
5c23bb30c7248,ebayCompatible,https://frame.ebay.com/ebaymotors/ws/eBayISAPI.dll?GetFitmentData&site=100&vs=0&req=2&cid=43977&item=182611445858,1545845552,"{""useProxy"":1,""fakeUserAgent"":1,""parserOptions"":{""productId"":""182611445858""}}",0
5c23bb30c89c6,ebayProduct,https://www.ebay.com/itm/290997413269,1545845552,"{""useProxy"":1,""fakeUserAgent"":1}",0
5c23bb30ca21f,ebayCompatible,https://frame.ebay.com/ebaymotors/ws/eBayISAPI.dll?GetFitmentData&site=100&vs=0&req=2&cid=43977&item=290997413269,1545845552,"{""useProxy"":1,""fakeUserAgent"":1,""parserOptions"":{""productId"":""290997413269""}}",0
5c23bb30cbaab,ebayProduct,https://www.ebay.com/itm/182611403785,1545845552,"{""useProxy"":1,""fakeUserAgent"":1}",0
5c23bb30cd283,ebayCompatible,https://frame.ebay.com/ebaymotors/ws/eBayISAPI.dll?GetFitmentData&site=100&vs=0&req=2&cid=43977&item=182611403785,1545845552,"{""useProxy"":1,""fakeUserAgent"":1,""parserOptions"":{""productId"":""182611403785""}}",0
5c23bb30cea81,ebayProduct,https://www.ebay.com/itm/181865599459,1545845552,"{""useProxy"":1,""fakeUserAgent"":1}",0
5c23bb30d02e3,ebayCompatible,https://frame.ebay.com/ebaymotors/ws/eBayISAPI.dll?GetFitmentData&site=100&vs=0&req=2&cid=43977&item=181865599459,1545845552,"{""useProxy"":1,""fakeUserAgent"":1,""parserOptions"":{""productId"":""181865599459""}}",0
5c23bb30d1b2d,ebayProduct,https://www.ebay.com/itm/192210926079,1545845552,"{""useProxy"":1,""fakeUserAgent"":1}",0
5c23bb30d34d8,ebayCompatible,https://frame.ebay.com/ebaymotors/ws/eBayISAPI.dll?GetFitmentData&site=100&vs=0&req=2&cid=43977&item=192210926079,1545845552,"{""useProxy"":1,""fakeUserAgent"":1,""parserOptions"":{""productId"":""192210926079""}}",0
5c23bb30d4e95,ebayProduct,https://www.ebay.com/itm/183589385194,1545845552,"{""useProxy"":1,""fakeUserAgent"":1}",0
5c23bb30d69b1,ebayCompatible,https://frame.ebay.com/ebaymotors/ws/eBayISAPI.dll?GetFitmentData&site=100&vs=0&req=2&cid=43977&item=183589385194,1545845552,"{""useProxy"":1,""fakeUserAgent"":1,""parserOptions"":{""productId"":""183589385194""}}",0
5c23bb30d85a2,ebayProduct,https://www.ebay.com/itm/192209927561,1545845552,"{""useProxy"":1,""fakeUserAgent"":1}",0
5c23bb30da124,ebayCompatible,https://frame.ebay.com/ebaymotors/ws/eBayISAPI.dll?GetFitmentData&site=100&vs=0&req=2&cid=43977&item=192209927561,1545845552,"{""useProxy"":1,""fakeUserAgent"":1,""parserOptions"":{""productId"":""192209927561""}}",0
5c23bb30dbe6c,ebayProduct,https://www.ebay.com/itm/192210904643,1545845552,"{""useProxy"":1,""fakeUserAgent"":1}",0
5c23bb30dda0b,ebayCompatible,https://frame.ebay.com/ebaymotors/ws/eBayISAPI.dll?GetFitmentData&site=100&vs=0&req=2&cid=43977&item=192210904643,1545845552,"{""useProxy"":1,""fakeUserAgent"":1,""parserOptions"":{""productId"":""192210904643""}}",0
5c23bb30df689,ebayProduct,https://www.ebay.com/itm/192030263660,1545845552,"{""useProxy"":1,""fakeUserAgent"":1}",0
5c23bb30e12ee,ebayCompatible,https://frame.ebay.com/ebaymotors/ws/eBayISAPI.dll?GetFitmentData&site=100&vs=0&req=2&cid=43977&item=192030263660,1545845552,"{""useProxy"":1,""fakeUserAgent"":1,""parserOptions"":{""productId"":""192030263660""}}",0
5c23bb30e30dd,ebayProduct,https://www.ebay.com/itm/291669623721,1545845552,"{""useProxy"":1,""fakeUserAgent"":1}",0
5c23bb30e4e8a,ebayCompatible,https://frame.ebay.com/ebaymotors/ws/eBayISAPI.dll?GetFitmentData&site=100&vs=0&req=2&cid=43977&item=291669623721,1545845552,"{""useProxy"":1,""fakeUserAgent"":1,""parserOptions"":{""productId"":""291669623721""}}",0
5c23bb30e6d3b,ebayProduct,https://www.ebay.com/itm/401061187813,1545845552,"{""useProxy"":1,""fakeUserAgent"":1}",0
5c23bb30e8c30,ebayCompatible,https://frame.ebay.com/ebaymotors/ws/eBayISAPI.dll?GetFitmentData&site=100&vs=0&req=2&cid=43977&item=401061187813,1545845552,"{""useProxy"":1,""fakeUserAgent"":1,""parserOptions"":{""productId"":""401061187813""}}",0
5c23bb30eaa8c,ebayProduct,https://www.ebay.com/itm/232144773504,1545845552,"{""useProxy"":1,""fakeUserAgent"":1}",0
5c23bb30ec9f2,ebayCompatible,https://frame.ebay.com/ebaymotors/ws/eBayISAPI.dll?GetFitmentData&site=100&vs=0&req=2&cid=43977&item=232144773504,1545845552,"{""useProxy"":1,""fakeUserAgent"":1,""parserOptions"":{""productId"":""232144773504""}}",0
5c23bb30ee8f4,ebayProduct,https://www.ebay.com/itm/401452576122,1545845552,"{""useProxy"":1,""fakeUserAgent"":1}",0
5c23bb30f09e9,ebayCompatible,https://frame.ebay.com/ebaymotors/ws/eBayISAPI.dll?GetFitmentData&site=100&vs=0&req=2&cid=43977&item=401452576122,1545845552,"{""useProxy"":1,""fakeUserAgent"":1,""parserOptions"":{""productId"":""401452576122""}}",0
5c23bb30f2a61,ebayProduct,https://www.ebay.com/itm/192035668996,1545845552,"{""useProxy"":1,""fakeUserAgent"":1}",0
5c23bb310092c,ebayCompatible,https://frame.ebay.com/ebaymotors/ws/eBayISAPI.dll?GetFitmentData&site=100&vs=0&req=2&cid=43977&item=192035668996,1545845552,"{""useProxy"":1,""fakeUserAgent"":1,""parserOptions"":{""productId"":""192035668996""}}",0
5c23bb3102add,ebayProduct,https://www.ebay.com/itm/192210939002,1545845553,"{""useProxy"":1,""fakeUserAgent"":1}",0
5c23bb3104ca5,ebayCompatible,https://frame.ebay.com/ebaymotors/ws/eBayISAPI.dll?GetFitmentData&site=100&vs=0&req=2&cid=43977&item=192210939002,1545845553,"{""useProxy"":1,""fakeUserAgent"":1,""parserOptions"":{""productId"":""192210939002""}}",0
5c23bb3106dfc,ebayProduct,https://www.ebay.com/itm/172412363839,1545845553,"{""useProxy"":1,""fakeUserAgent"":1}",0
5c23bb3109056,ebayCompatible,https://frame.ebay.com/ebaymotors/ws/eBayISAPI.dll?GetFitmentData&site=100&vs=0&req=2&cid=43977&item=172412363839,1545845553,"{""useProxy"":1,""fakeUserAgent"":1,""parserOptions"":{""productId"":""172412363839""}}",0
5c23bb310b300,ebayProduct,https://www.ebay.com/itm/182364167757,1545845553,"{""useProxy"":1,""fakeUserAgent"":1}",0
5c23bb310d5b8,ebayCompatible,https://frame.ebay.com/ebaymotors/ws/eBayISAPI.dll?GetFitmentData&site=100&vs=0&req=2&cid=43977&item=182364167757,1545845553,"{""useProxy"":1,""fakeUserAgent"":1,""parserOptions"":{""productId"":""182364167757""}}",0
5c23bb310fa72,ebayProduct,https://www.ebay.com/itm/192210903993,1545845553,"{""useProxy"":1,""fakeUserAgent"":1}",0
5c23bb3111eb6,ebayCompatible,https://frame.ebay.com/ebaymotors/ws/eBayISAPI.dll?GetFitmentData&site=100&vs=0&req=2&cid=43977&item=192210903993,1545845553,"{""useProxy"":1,""fakeUserAgent"":1,""parserOptions"":{""productId"":""192210903993""}}",0
5c23bb31143d4,ebayProduct,https://www.ebay.com/itm/172717474721,1545845553,"{""useProxy"":1,""fakeUserAgent"":1}",0
5c23bb31167e7,ebayCompatible,https://frame.ebay.com/ebaymotors/ws/eBayISAPI.dll?GetFitmentData&site=100&vs=0&req=2&cid=43977&item=172717474721,1545845553,"{""useProxy"":1,""fakeUserAgent"":1,""parserOptions"":{""productId"":""172717474721""}}",0
5c23bb3118c8b,ebayProduct,https://www.ebay.com/itm/172717415098,1545845553,"{""useProxy"":1,""fakeUserAgent"":1}",0
5c23bb311b227,ebayCompatible,https://frame.ebay.com/ebaymotors/ws/eBayISAPI.dll?GetFitmentData&site=100&vs=0&req=2&cid=43977&item=172717415098,1545845553,"{""useProxy"":1,""fakeUserAgent"":1,""parserOptions"":{""productId"":""172717415098""}}",0
5c23bb311d867,ebayProduct,https://www.ebay.com/itm/182611451235,1545845553,"{""useProxy"":1,""fakeUserAgent"":1}",0
5c23bb312259b,ebayCompatible,https://frame.ebay.com/ebaymotors/ws/eBayISAPI.dll?GetFitmentData&site=100&vs=0&req=2&cid=43977&item=182611451235,1545845553,"{""useProxy"":1,""fakeUserAgent"":1,""parserOptions"":{""productId"":""182611451235""}}",0
5c23bb3130b57,ebayProduct,https://www.ebay.com/itm/401615613798,1545845553,"{""useProxy"":1,""fakeUserAgent"":1}",0
5c23bb313fcc3,ebayCompatible,https://frame.ebay.com/ebaymotors/ws/eBayISAPI.dll?GetFitmentData&site=100&vs=0&req=2&cid=43977&item=401615613798,1545845553,"{""useProxy"":1,""fakeUserAgent"":1,""parserOptions"":{""productId"":""401615613798""}}",0
5c23bb31424d6,ebayProduct,https://www.ebay.com/itm/171927692434,1545845553,"{""useProxy"":1,""fakeUserAgent"":1}",0
5c23bb3144ed1,ebayCompatible,https://frame.ebay.com/ebaymotors/ws/eBayISAPI.dll?GetFitmentData&site=100&vs=0&req=2&cid=43977&item=171927692434,1545845553,"{""useProxy"":1,""fakeUserAgent"":1,""parserOptions"":{""productId"":""171927692434""}}",0
5c23bb31477af,ebayProduct,https://www.ebay.com/itm/192071953580,1545845553,"{""useProxy"":1,""fakeUserAgent"":1}",0
5c23bb314a189,ebayCompatible,https://frame.ebay.com/ebaymotors/ws/eBayISAPI.dll?GetFitmentData&site=100&vs=0&req=2&cid=43977&item=192071953580,1545845553,"{""useProxy"":1,""fakeUserAgent"":1,""parserOptions"":{""productId"":""192071953580""}}",0
5c23bb314cc30,ebayProduct,https://www.ebay.com/itm/301858399367,1545845553,"{""useProxy"":1,""fakeUserAgent"":1}",0
5c23bb314f69f,ebayCompatible,https://frame.ebay.com/ebaymotors/ws/eBayISAPI.dll?GetFitmentData&site=100&vs=0&req=2&cid=43977&item=301858399367,1545845553,"{""useProxy"":1,""fakeUserAgent"":1,""parserOptions"":{""productId"":""301858399367""}}",0
